quarter,file_name,key_tables_used,delete_file_expected_or_scanned,download_date,analytic_cutoff,source_url,notes
2014 Q1,faers_ascii_2014q1.zip,DEMO;DRUG;REAC;INDI,no,2026-03-31,2025 Q4,https://www.fda.gov/drugs/fda-adverse-event-monitoring-system-aems/fda-adverse-event-monitoring-system-aems-latest-quarterly-data-files,Non-cumulative public FDA quarterly ASCII extract; raw file not redistributed in repository.
2014 Q2,faers_ascii_2014q2.zip,DEMO;DRUG;REAC;INDI,no,2026-03-31,2025 Q4,https://www.fda.gov/drugs/fda-adverse-event-monitoring-system-aems/fda-adverse-event-monitoring-system-aems-latest-quarterly-data-files,Non-cumulative public FDA quarterly ASCII extract; raw file not redistributed in repository.
2014 Q3,faers_ascii_2014q3.zip,DEMO;DRUG;REAC;INDI,no,2026-03-31,2025 Q4,https://www.fda.gov/drugs/fda-adverse-event-monitoring-system-aems/fda-adverse-event-monitoring-system-aems-latest-quarterly-data-files,Non-cumulative public FDA quarterly ASCII extract; raw file not redistributed in repository.
2014 Q4,faers_ascii_2014q4.zip,DEMO;DRUG;REAC;INDI,no,2026-03-31,2025 Q4,https://www.fda.gov/drugs/fda-adverse-event-monitoring-system-aems/fda-adverse-event-monitoring-system-aems-latest-quarterly-data-files,Non-cumulative public FDA quarterly ASCII extract; raw file not redistributed in repository.
2015 Q1,faers_ascii_2015q1.zip,DEMO;DRUG;REAC;INDI,no,2026-03-31,2025 Q4,https://www.fda.gov/drugs/fda-adverse-event-monitoring-system-aems/fda-adverse-event-monitoring-system-aems-latest-quarterly-data-files,Non-cumulative public FDA quarterly ASCII extract; raw file not redistributed in repository.
2015 Q2,faers_ascii_2015q2.zip,DEMO;DRUG;REAC;INDI,no,2026-03-31,2025 Q4,https://www.fda.gov/drugs/fda-adverse-event-monitoring-system-aems/fda-adverse-event-monitoring-system-aems-latest-quarterly-data-files,Non-cumulative public FDA quarterly ASCII extract; raw file not redistributed in repository.
2015 Q3,faers_ascii_2015q3.zip,DEMO;DRUG;REAC;INDI,no,2026-03-31,2025 Q4,https://www.fda.gov/drugs/fda-adverse-event-monitoring-system-aems/fda-adverse-event-monitoring-system-aems-latest-quarterly-data-files,Non-cumulative public FDA quarterly ASCII extract; raw file not redistributed in repository.
2015 Q4,faers_ascii_2015q4.zip,DEMO;DRUG;REAC;INDI,no,2026-03-31,2025 Q4,https://www.fda.gov/drugs/fda-adverse-event-monitoring-system-aems/fda-adverse-event-monitoring-system-aems-latest-quarterly-data-files,Non-cumulative public FDA quarterly ASCII extract; raw file not redistributed in repository.
2016 Q1,faers_ascii_2016q1.zip,DEMO;DRUG;REAC;INDI,no,2026-03-31,2025 Q4,https://www.fda.gov/drugs/fda-adverse-event-monitoring-system-aems/fda-adverse-event-monitoring-system-aems-latest-quarterly-data-files,Non-cumulative public FDA quarterly ASCII extract; raw file not redistributed in repository.
2016 Q2,faers_ascii_2016q2.zip,DEMO;DRUG;REAC;INDI,no,2026-03-31,2025 Q4,https://www.fda.gov/drugs/fda-adverse-event-monitoring-system-aems/fda-adverse-event-monitoring-system-aems-latest-quarterly-data-files,Non-cumulative public FDA quarterly ASCII extract; raw file not redistributed in repository.
2016 Q3,faers_ascii_2016q3.zip,DEMO;DRUG;REAC;INDI,no,2026-03-31,2025 Q4,https://www.fda.gov/drugs/fda-adverse-event-monitoring-system-aems/fda-adverse-event-monitoring-system-aems-latest-quarterly-data-files,Non-cumulative public FDA quarterly ASCII extract; raw file not redistributed in repository.
2016 Q4,faers_ascii_2016q4.zip,DEMO;DRUG;REAC;INDI,no,2026-03-31,2025 Q4,https://www.fda.gov/drugs/fda-adverse-event-monitoring-system-aems/fda-adverse-event-monitoring-system-aems-latest-quarterly-data-files,Non-cumulative public FDA quarterly ASCII extract; raw file not redistributed in repository.
2017 Q1,faers_ascii_2017q1.zip,DEMO;DRUG;REAC;INDI,no,2026-03-31,2025 Q4,https://www.fda.gov/drugs/fda-adverse-event-monitoring-system-aems/fda-adverse-event-monitoring-system-aems-latest-quarterly-data-files,Non-cumulative public FDA quarterly ASCII extract; raw file not redistributed in repository.
2017 Q2,faers_ascii_2017q2.zip,DEMO;DRUG;REAC;INDI,no,2026-03-31,2025 Q4,https://www.fda.gov/drugs/fda-adverse-event-monitoring-system-aems/fda-adverse-event-monitoring-system-aems-latest-quarterly-data-files,Non-cumulative public FDA quarterly ASCII extract; raw file not redistributed in repository.
2017 Q3,faers_ascii_2017q3.zip,DEMO;DRUG;REAC;INDI,no,2026-03-31,2025 Q4,https://www.fda.gov/drugs/fda-adverse-event-monitoring-system-aems/fda-adverse-event-monitoring-system-aems-latest-quarterly-data-files,Non-cumulative public FDA quarterly ASCII extract; raw file not redistributed in repository.
2017 Q4,faers_ascii_2017q4.zip,DEMO;DRUG;REAC;INDI,no,2026-03-31,2025 Q4,https://www.fda.gov/drugs/fda-adverse-event-monitoring-system-aems/fda-adverse-event-monitoring-system-aems-latest-quarterly-data-files,Non-cumulative public FDA quarterly ASCII extract; raw file not redistributed in repository.
2018 Q1,faers_ascii_2018q1.zip,DEMO;DRUG;REAC;INDI,no,2026-03-31,2025 Q4,https://www.fda.gov/drugs/fda-adverse-event-monitoring-system-aems/fda-adverse-event-monitoring-system-aems-latest-quarterly-data-files,Non-cumulative public FDA quarterly ASCII extract; raw file not redistributed in repository.
2018 Q2,faers_ascii_2018q2.zip,DEMO;DRUG;REAC;INDI,no,2026-03-31,2025 Q4,https://www.fda.gov/drugs/fda-adverse-event-monitoring-system-aems/fda-adverse-event-monitoring-system-aems-latest-quarterly-data-files,Non-cumulative public FDA quarterly ASCII extract; raw file not redistributed in repository.
2018 Q3,faers_ascii_2018q3.zip,DEMO;DRUG;REAC;INDI,no,2026-03-31,2025 Q4,https://www.fda.gov/drugs/fda-adverse-event-monitoring-system-aems/fda-adverse-event-monitoring-system-aems-latest-quarterly-data-files,Non-cumulative public FDA quarterly ASCII extract; raw file not redistributed in repository.
2018 Q4,faers_ascii_2018q4.zip,DEMO;DRUG;REAC;INDI,no,2026-03-31,2025 Q4,https://www.fda.gov/drugs/fda-adverse-event-monitoring-system-aems/fda-adverse-event-monitoring-system-aems-latest-quarterly-data-files,Non-cumulative public FDA quarterly ASCII extract; raw file not redistributed in repository.
2019 Q1,faers_ascii_2019Q1.zip,DEMO;DRUG;REAC;INDI,no,2026-03-31,2025 Q4,https://www.fda.gov/drugs/fda-adverse-event-monitoring-system-aems/fda-adverse-event-monitoring-system-aems-latest-quarterly-data-files,Non-cumulative public FDA quarterly ASCII extract; raw file not redistributed in repository.
2019 Q2,faers_ascii_2019Q2.zip,DEMO;DRUG;REAC;INDI,no,2026-03-31,2025 Q4,https://www.fda.gov/drugs/fda-adverse-event-monitoring-system-aems/fda-adverse-event-monitoring-system-aems-latest-quarterly-data-files,Non-cumulative public FDA quarterly ASCII extract; raw file not redistributed in repository.
2019 Q3,faers_ascii_2019Q3.zip,DEMO;DRUG;REAC;INDI,no,2026-03-31,2025 Q4,https://www.fda.gov/drugs/fda-adverse-event-monitoring-system-aems/fda-adverse-event-monitoring-system-aems-latest-quarterly-data-files,Non-cumulative public FDA quarterly ASCII extract; raw file not redistributed in repository.
2019 Q4,faers_ascii_2019Q4.zip,DEMO;DRUG;REAC;INDI,no,2026-03-31,2025 Q4,https://www.fda.gov/drugs/fda-adverse-event-monitoring-system-aems/fda-adverse-event-monitoring-system-aems-latest-quarterly-data-files,Non-cumulative public FDA quarterly ASCII extract; raw file not redistributed in repository.
2020 Q1,faers_ascii_2020Q1.zip,DEMO;DRUG;REAC;INDI,no,2026-03-31,2025 Q4,https://www.fda.gov/drugs/fda-adverse-event-monitoring-system-aems/fda-adverse-event-monitoring-system-aems-latest-quarterly-data-files,Non-cumulative public FDA quarterly ASCII extract; raw file not redistributed in repository.
2020 Q2,faers_ascii_2020Q2.zip,DEMO;DRUG;REAC;INDI,no,2026-03-31,2025 Q4,https://www.fda.gov/drugs/fda-adverse-event-monitoring-system-aems/fda-adverse-event-monitoring-system-aems-latest-quarterly-data-files,Non-cumulative public FDA quarterly ASCII extract; raw file not redistributed in repository.
2020 Q3,faers_ascii_2020Q3.zip,DEMO;DRUG;REAC;INDI,no,2026-03-31,2025 Q4,https://www.fda.gov/drugs/fda-adverse-event-monitoring-system-aems/fda-adverse-event-monitoring-system-aems-latest-quarterly-data-files,Non-cumulative public FDA quarterly ASCII extract; raw file not redistributed in repository.
2020 Q4,faers_ascii_2020Q4.zip,DEMO;DRUG;REAC;INDI,no,2026-03-31,2025 Q4,https://www.fda.gov/drugs/fda-adverse-event-monitoring-system-aems/fda-adverse-event-monitoring-system-aems-latest-quarterly-data-files,Non-cumulative public FDA quarterly ASCII extract; raw file not redistributed in repository.
2021 Q1,faers_ascii_2021Q1.zip,DEMO;DRUG;REAC;INDI,no,2026-03-31,2025 Q4,https://www.fda.gov/drugs/fda-adverse-event-monitoring-system-aems/fda-adverse-event-monitoring-system-aems-latest-quarterly-data-files,Non-cumulative public FDA quarterly ASCII extract; raw file not redistributed in repository.
2021 Q2,faers_ascii_2021Q2.zip,DEMO;DRUG;REAC;INDI,no,2026-03-31,2025 Q4,https://www.fda.gov/drugs/fda-adverse-event-monitoring-system-aems/fda-adverse-event-monitoring-system-aems-latest-quarterly-data-files,Non-cumulative public FDA quarterly ASCII extract; raw file not redistributed in repository.
2021 Q3,faers_ascii_2021Q3.zip,DEMO;DRUG;REAC;INDI,no,2026-03-31,2025 Q4,https://www.fda.gov/drugs/fda-adverse-event-monitoring-system-aems/fda-adverse-event-monitoring-system-aems-latest-quarterly-data-files,Non-cumulative public FDA quarterly ASCII extract; raw file not redistributed in repository.
2021 Q4,faers_ascii_2021Q4.zip,DEMO;DRUG;REAC;INDI;DELETE,yes,2026-03-31,2025 Q4,https://www.fda.gov/drugs/fda-adverse-event-monitoring-system-aems/fda-adverse-event-monitoring-system-aems-latest-quarterly-data-files,Non-cumulative public FDA quarterly ASCII extract; raw file not redistributed in repository.
2022 Q1,faers_ascii_2022q1.zip,DEMO;DRUG;REAC;INDI;DELETE,yes,2026-03-31,2025 Q4,https://www.fda.gov/drugs/fda-adverse-event-monitoring-system-aems/fda-adverse-event-monitoring-system-aems-latest-quarterly-data-files,Non-cumulative public FDA quarterly ASCII extract; raw file not redistributed in repository.
2022 Q2,faers_ascii_2022q2.zip,DEMO;DRUG;REAC;INDI;DELETE,yes,2026-03-31,2025 Q4,https://www.fda.gov/drugs/fda-adverse-event-monitoring-system-aems/fda-adverse-event-monitoring-system-aems-latest-quarterly-data-files,Non-cumulative public FDA quarterly ASCII extract; raw file not redistributed in repository.
2022 Q3,faers_ascii_2022Q3.zip,DEMO;DRUG;REAC;INDI;DELETE,yes,2026-03-31,2025 Q4,https://www.fda.gov/drugs/fda-adverse-event-monitoring-system-aems/fda-adverse-event-monitoring-system-aems-latest-quarterly-data-files,Non-cumulative public FDA quarterly ASCII extract; raw file not redistributed in repository.
2022 Q4,faers_ascii_2022Q4.zip,DEMO;DRUG;REAC;INDI;DELETE,yes,2026-03-31,2025 Q4,https://www.fda.gov/drugs/fda-adverse-event-monitoring-system-aems/fda-adverse-event-monitoring-system-aems-latest-quarterly-data-files,Non-cumulative public FDA quarterly ASCII extract; raw file not redistributed in repository.
2023 Q1,faers_ascii_2023q1.zip,DEMO;DRUG;REAC;INDI;DELETE,yes,2026-03-31,2025 Q4,https://www.fda.gov/drugs/fda-adverse-event-monitoring-system-aems/fda-adverse-event-monitoring-system-aems-latest-quarterly-data-files,Non-cumulative public FDA quarterly ASCII extract; raw file not redistributed in repository.
2023 Q2,faers_ascii_2023q2.zip,DEMO;DRUG;REAC;INDI;DELETE,yes,2026-03-31,2025 Q4,https://www.fda.gov/drugs/fda-adverse-event-monitoring-system-aems/fda-adverse-event-monitoring-system-aems-latest-quarterly-data-files,Non-cumulative public FDA quarterly ASCII extract; raw file not redistributed in repository.
2023 Q3,faers_ascii_2023Q3.zip,DEMO;DRUG;REAC;INDI;DELETE,yes,2026-03-31,2025 Q4,https://www.fda.gov/drugs/fda-adverse-event-monitoring-system-aems/fda-adverse-event-monitoring-system-aems-latest-quarterly-data-files,Non-cumulative public FDA quarterly ASCII extract; raw file not redistributed in repository.
2023 Q4,faers_ascii_2023Q4.zip,DEMO;DRUG;REAC;INDI;DELETE,yes,2026-03-31,2025 Q4,https://www.fda.gov/drugs/fda-adverse-event-monitoring-system-aems/fda-adverse-event-monitoring-system-aems-latest-quarterly-data-files,Non-cumulative public FDA quarterly ASCII extract; raw file not redistributed in repository.
2024 Q1,faers_ascii_2024q1.zip,DEMO;DRUG;REAC;INDI;DELETE,yes,2026-03-31,2025 Q4,https://www.fda.gov/drugs/fda-adverse-event-monitoring-system-aems/fda-adverse-event-monitoring-system-aems-latest-quarterly-data-files,Non-cumulative public FDA quarterly ASCII extract; raw file not redistributed in repository.
2024 Q2,faers_ascii_2024q2.zip,DEMO;DRUG;REAC;INDI;DELETE,yes,2026-03-31,2025 Q4,https://www.fda.gov/drugs/fda-adverse-event-monitoring-system-aems/fda-adverse-event-monitoring-system-aems-latest-quarterly-data-files,Non-cumulative public FDA quarterly ASCII extract; raw file not redistributed in repository.
2024 Q3,faers_ascii_2024q3.zip,DEMO;DRUG;REAC;INDI;DELETE,yes,2026-03-31,2025 Q4,https://www.fda.gov/drugs/fda-adverse-event-monitoring-system-aems/fda-adverse-event-monitoring-system-aems-latest-quarterly-data-files,Non-cumulative public FDA quarterly ASCII extract; raw file not redistributed in repository.
2024 Q4,faers_ascii_2024Q4.zip,DEMO;DRUG;REAC;INDI;DELETE,yes,2026-03-31,2025 Q4,https://www.fda.gov/drugs/fda-adverse-event-monitoring-system-aems/fda-adverse-event-monitoring-system-aems-latest-quarterly-data-files,Non-cumulative public FDA quarterly ASCII extract; raw file not redistributed in repository.
2025 Q1,faers_ascii_2025q1.zip,DEMO;DRUG;REAC;INDI;DELETE,yes,2026-03-31,2025 Q4,https://www.fda.gov/drugs/fda-adverse-event-monitoring-system-aems/fda-adverse-event-monitoring-system-aems-latest-quarterly-data-files,Non-cumulative public FDA quarterly ASCII extract; raw file not redistributed in repository.
2025 Q2,faers_ascii_2025q2.zip,DEMO;DRUG;REAC;INDI;DELETE,yes,2026-03-31,2025 Q4,https://www.fda.gov/drugs/fda-adverse-event-monitoring-system-aems/fda-adverse-event-monitoring-system-aems-latest-quarterly-data-files,Non-cumulative public FDA quarterly ASCII extract; raw file not redistributed in repository.
2025 Q3,faers_ascii_2025q3.zip,DEMO;DRUG;REAC;INDI;DELETE,yes,2026-03-31,2025 Q4,https://www.fda.gov/drugs/fda-adverse-event-monitoring-system-aems/fda-adverse-event-monitoring-system-aems-latest-quarterly-data-files,Non-cumulative public FDA quarterly ASCII extract; raw file not redistributed in repository.
2025 Q4,faers_ascii_2025Q4.zip,DEMO;DRUG;REAC;INDI;DELETE,yes,2026-03-31,2025 Q4,https://www.fda.gov/drugs/fda-adverse-event-monitoring-system-aems/fda-adverse-event-monitoring-system-aems-latest-quarterly-data-files,Non-cumulative public FDA quarterly ASCII extract; raw file not redistributed in repository.
